Customer ID,PO No.,SO No.,Invoice No.,Part No.,Model No.,Serial No.,Purchase / Ship Date
80001502,PO 00194,SO171677,2017/SGSI000003123,990-005793-30,AT-GS970M/28-30,A10023G173800019,09/11/17
80001515,IMP62HW,SO171691,2017/SGSI000003102,990-005793-50,AT-GS970M/28-50,A10023G174200007,09/11/17
80001515,IMP62HW,SO171691,2017/SGSI000003102,990-005793-50,AT-GS970M/28-50,A10023G174200030,09/11/17
80001515,IMP62HW,SO171691,2017/SGSI000003102,990-005793-50,AT-GS970M/28-50,A10023G174200064,09/11/17
80001515,IMP62HW,SO171691,2017/SGSI000003102,990-005793-50,AT-GS970M/28-50,A10023G174200067,09/11/17
80001515,IMP62HW,SO171691,2017/SGSI000003102,990-005794-50,"AT-GS970M/28PS-50, 24P,",A10024G173200387,09/11/17
80001515,IMP62HW,SO171691,2017/SGSI000003102,990-005794-50,"AT-GS970M/28PS-50, 24P,",A10024G173200811,09/11/17
80001515,IMP62HW,SO171691,2017/SGSI000003102,990-005794-50,"AT-GS970M/28PS-50, 24P,",A10024G173200875,09/11/17
80001515,IMP62HW,SO171691,2017/SGSI000003102,990-005794-50,"AT-GS970M/28PS-50, 24P,",A10024G173200993,09/11/17
80001502,PO 00194,SO171677,2017/SGSI000003123,990-005793-30,AT-GS970M/28-30,A10023G173800019,09/11/17
80001515,IMP62HW,SO171691,2017/SGSI000003102,990-005793-50,AT-GS970M/28-50,A10023G174200007,09/11/17
80001515,IMP62HW,SO171691,2017/SGSI000003102,990-005793-50,AT-GS970M/28-50,A10023G174200030,09/11/17
80001515,IMP62HW,SO171691,2017/SGSI000003102,990-005793-50,AT-GS970M/28-50,A10023G174200064,09/11/17
80001515,IMP62HW,SO171691,2017/SGSI000003102,990-005793-50,AT-GS970M/28-50,A10023G174200067,09/11/17
80001515,IMP62HW,SO171691,2017/SGSI000003102,990-005794-50,"AT-GS970M/28PS-50, 24P,",A10024G173200387,09/11/17
80001515,IMP62HW,SO171691,2017/SGSI000003102,990-005794-50,"AT-GS970M/28PS-50, 24P,",A10024G173200811,09/11/17
80001515,IMP62HW,SO171691,2017/SGSI000003102,990-005794-50,"AT-GS970M/28PS-50, 24P,",A10024G173200875,09/11/17
80001515,IMP62HW,SO171691,2017/SGSI000003102,990-005794-50,"AT-GS970M/28PS-50, 24P,",A10024G173200993,09/11/17
80000343,SPORD-001-0007126,SO171453,2017/SGSI000003057,990-005793-50,AT-GS970M/28-50,A10023G173800023,06/11/17
80001445,PO170181,SO171628,2017/SGSI000003063,990-005106-11,AT-x550-18XSQ-11,A10012A173400030,06/11/17
80001445,PO170181,SO171628,2017/SGSI000003063,990-005106-11,AT-x550-18XSQ-11,A10012A173400036,06/11/17
80000343,SPORD-001-0007126,SO171453,2017/SGSI000003057,990-005793-50,AT-GS970M/28-50,A10023G173800023,06/11/17
80001445,PO170181,SO171628,2017/SGSI000003063,990-005106-11,AT-x550-18XSQ-11,A10012A173400030,06/11/17
80001445,PO170181,SO171628,2017/SGSI000003063,990-005106-11,AT-x550-18XSQ-11,A10012A173400036,06/11/17
80001474,EXP10069642,SO171479,2017/SGSI000003047,990-005004-901,AT-2911SX/SC-901,A054124173000061,03/11/17
80001474,EXP10069642,SO171479,2017/SGSI000003047,990-005004-901,AT-2911SX/SC-901,A054124173000083,03/11/17
80001474,EXP10069642,SO171479,2017/SGSI000003047,990-005004-901,AT-2911SX/SC-901,A054124173000086,03/11/17
80001474,EXP10069642,SO171479,2017/SGSI000003047,990-005004-901,AT-2911SX/SC-901,A054124173000087,03/11/17
80001474,EXP10069642,SO171479,2017/SGSI000003047,990-005004-901,AT-2911SX/SC-901,A054124173000088,03/11/17
80001474,EXP10069642,SO171479,2017/SGSI000003047,990-005004-901,AT-2911SX/SC-901,A054124173000589,03/11/17
80001474,EXP10069642,SO171479,2017/SGSI000003047,990-005004-901,AT-2911SX/SC-901,A054124173000590,03/11/17
80001474,EXP10069642,SO171479,2017/SGSI000003047,990-005004-901,AT-2911SX/SC-901,A054124173000591,03/11/17
80001474,EXP10069642,SO171479,2017/SGSI000003047,990-005004-901,AT-2911SX/SC-901,A054124173000592,03/11/17
80001474,EXP10069642,SO171479,2017/SGSI000003047,990-005004-901,AT-2911SX/SC-901,A054124173000594,03/11/17
80001474,EXP10069642,SO171479,2017/SGSI000003047,990-005004-901,AT-2911SX/SC-901,A054124173000595,03/11/17
80001474,EXP10069642,SO171479,2017/SGSI000003047,990-005004-901,AT-2911SX/SC-901,A054124173000596,03/11/17
80001474,EXP10069642,SO171479,2017/SGSI000003047,990-005004-901,AT-2911SX/SC-901,A054124173000599,03/11/17
80001474,EXP10069642,SO171479,2017/SGSI000003047,990-005004-901,AT-2911SX/SC-901,A054124173000600,03/11/17
80001474,EXP10069642,SO171479,2017/SGSI000003047,990-005004-901,AT-2911SX/SC-901,A054124173000603,03/11/17
80001474,EXP10069642,SO171479,2017/SGSI000003047,990-005004-901,AT-2911SX/SC-901,A054124173000604,03/11/17
80001474,EXP10069642,SO171479,2017/SGSI000003047,990-005004-901,AT-2911SX/SC-901,A054124173000605,03/11/17
80001474,EXP10069642,SO171479,2017/SGSI000003047,990-005004-901,AT-2911SX/SC-901,A054124173000607,03/11/17
80001474,EXP10069642,SO171479,2017/SGSI000003047,990-005004-901,AT-2911SX/SC-901,A054124173000610,03/11/17
80001474,EXP10069642,SO171479,2017/SGSI000003047,990-005004-901,AT-2911SX/SC-901,A054124173000614,03/11/17
80001474,EXP10068450,SO171279,2017/SGSI000003045,990-005793-40,AT-GS970M/28-40,A10023G173800020,03/11/17
80001474,EXP10069642,SO171479,2017/SGSI000003047,990-005004-901,AT-2911SX/SC-901,A054124173000061,03/11/17
80001474,EXP10069642,SO171479,2017/SGSI000003047,990-005004-901,AT-2911SX/SC-901,A054124173000083,03/11/17
80001474,EXP10069642,SO171479,2017/SGSI000003047,990-005004-901,AT-2911SX/SC-901,A054124173000086,03/11/17
80001474,EXP10069642,SO171479,2017/SGSI000003047,990-005004-901,AT-2911SX/SC-901,A054124173000087,03/11/17
80001474,EXP10069642,SO171479,2017/SGSI000003047,990-005004-901,AT-2911SX/SC-901,A054124173000088,03/11/17
80001474,EXP10069642,SO171479,2017/SGSI000003047,990-005004-901,AT-2911SX/SC-901,A054124173000589,03/11/17
80001474,EXP10069642,SO171479,2017/SGSI000003047,990-005004-901,AT-2911SX/SC-901,A054124173000590,03/11/17
80001474,EXP10069642,SO171479,2017/SGSI000003047,990-005004-901,AT-2911SX/SC-901,A054124173000591,03/11/17
80001474,EXP10069642,SO171479,2017/SGSI000003047,990-005004-901,AT-2911SX/SC-901,A054124173000592,03/11/17
80001474,EXP10069642,SO171479,2017/SGSI000003047,990-005004-901,AT-2911SX/SC-901,A054124173000594,03/11/17
80001474,EXP10069642,SO171479,2017/SGSI000003047,990-005004-901,AT-2911SX/SC-901,A054124173000595,03/11/17
80001474,EXP10069642,SO171479,2017/SGSI000003047,990-005004-901,AT-2911SX/SC-901,A054124173000596,03/11/17
80001474,EXP10069642,SO171479,2017/SGSI000003047,990-005004-901,AT-2911SX/SC-901,A054124173000599,03/11/17
80001474,EXP10069642,SO171479,2017/SGSI000003047,990-005004-901,AT-2911SX/SC-901,A054124173000600,03/11/17
80001474,EXP10069642,SO171479,2017/SGSI000003047,990-005004-901,AT-2911SX/SC-901,A054124173000603,03/11/17
80001474,EXP10069642,SO171479,2017/SGSI000003047,990-005004-901,AT-2911SX/SC-901,A054124173000604,03/11/17
80001474,EXP10069642,SO171479,2017/SGSI000003047,990-005004-901,AT-2911SX/SC-901,A054124173000605,03/11/17
80001474,EXP10069642,SO171479,2017/SGSI000003047,990-005004-901,AT-2911SX/SC-901,A054124173000607,03/11/17
80001474,EXP10069642,SO171479,2017/SGSI000003047,990-005004-901,AT-2911SX/SC-901,A054124173000610,03/11/17
80001474,EXP10069642,SO171479,2017/SGSI000003047,990-005004-901,AT-2911SX/SC-901,A054124173000614,03/11/17
80001501,2017/TM/AF/X/107,SO171562,2017/SGSI000002964,990-005793-50,AT-GS970M/28-50,A10023G173800004,30/10/17
80001501,2017/TM/AF/X/107,SO171562,2017/SGSI000002964,990-005793-50,AT-GS970M/28-50,A10023G173800009,30/10/17
80001501,2017/TM/AF/X/107,SO171562,2017/SGSI000002964,990-005793-50,AT-GS970M/28-50,A10023G173800011,30/10/17
80001501,2017/TM/AF/X/107,SO171562,2017/SGSI000002964,990-005793-50,AT-GS970M/28-50,A10023G173800012,30/10/17
80001501,2017/TM/AF/X/107,SO171562,2017/SGSI000002964,990-005793-50,AT-GS970M/28-50,A10023G173800013,30/10/17
80001501,2017/TM/AF/X/107,SO171562,2017/SGSI000002964,990-005793-50,AT-GS970M/28-50,A10023G173800014,30/10/17
80001501,2017/TM/AF/X/107,SO171562,2017/SGSI000002964,990-005793-50,AT-GS970M/28-50,A10023G173800026,30/10/17
80001501,2017/TM/AF/X/107,SO171562,2017/SGSI000002964,990-005793-50,AT-GS970M/28-50,A10023G173800030,30/10/17
80001291,PO1708142,SO171381,2017/SGSI000002958,990-004869-005,AT-MMCWLMT-005,CN,30/10/17
80001240,529-A52776-584,SO171096,2017/SGSI000002957,990-004869-005,AT-MMCWLMT-005,CN,30/10/17
80001497,171010,SO171612,2017/SGSI000002975,990-005052-40,AT-FS980M/52-40 48FE+4SF,A05339R164700075,30/10/17
80001568,FC1710-AT001,SO171630,2017/SGSI000002981,990-005049-50,AT-FS980M/18PS-50,A05336R165200168,30/10/17
80001568,FC1710-AT001,SO171630,2017/SGSI000002981,990-005049-50,AT-FS980M/18PS-50,A05336R165200169,30/10/17
80001568,FC1710-AT001,SO171630,2017/SGSI000002981,990-005049-50,AT-FS980M/18PS-50,A05336R165200176,30/10/17
80001568,FC1710-AT001,SO171630,2017/SGSI000002981,990-005049-50,AT-FS980M/18PS-50,A05336R165200177,30/10/17
80001568,FC1710-AT001,SO171630,2017/SGSI000002981,990-005049-50,AT-FS980M/18PS-50,A05336R165200180,30/10/17
80001568,FC1710-AT001,SO171630,2017/SGSI000002981,990-005049-50,AT-FS980M/18PS-50,A05336R165200181,30/10/17
80001568,FC1710-AT001,SO171630,2017/SGSI000002981,990-005049-50,AT-FS980M/18PS-50,A05336R165200340,30/10/17
80001568,FC1710-AT001,SO171630,2017/SGSI000002981,990-005049-50,AT-FS980M/18PS-50,A05336R165200341,30/10/17
80001568,FC1710-AT001,SO171630,2017/SGSI000002981,990-005049-50,AT-FS980M/18PS-50,A05336R165200344,30/10/17
80001568,FC1710-AT001,SO171630,2017/SGSI000002981,990-005049-50,AT-FS980M/18PS-50,A05336R165200345,30/10/17
80001568,FC1710-AT001,SO171630,2017/SGSI000002981,990-005049-50,AT-FS980M/18PS-50,A05336R173200057,30/10/17
80001568,FC1710-AT001,SO171630,2017/SGSI000002981,990-005049-50,AT-FS980M/18PS-50,A05336R173200058,30/10/17
80001568,FC1710-AT001,SO171630,2017/SGSI000002981,990-005049-50,AT-FS980M/18PS-50,A05336R173200074,30/10/17
80001501,2017/TM/AF/X/107,SO171562,2017/SGSI000002964,990-005793-50,AT-GS970M/28-50,A10023G173800004,30/10/17
80001501,2017/TM/AF/X/107,SO171562,2017/SGSI000002964,990-005793-50,AT-GS970M/28-50,A10023G173800009,30/10/17
80001501,2017/TM/AF/X/107,SO171562,2017/SGSI000002964,990-005793-50,AT-GS970M/28-50,A10023G173800011,30/10/17
80001501,2017/TM/AF/X/107,SO171562,2017/SGSI000002964,990-005793-50,AT-GS970M/28-50,A10023G173800012,30/10/17
80001501,2017/TM/AF/X/107,SO171562,2017/SGSI000002964,990-005793-50,AT-GS970M/28-50,A10023G173800013,30/10/17
80001501,2017/TM/AF/X/107,SO171562,2017/SGSI000002964,990-005793-50,AT-GS970M/28-50,A10023G173800014,30/10/17
80001501,2017/TM/AF/X/107,SO171562,2017/SGSI000002964,990-005793-50,AT-GS970M/28-50,A10023G173800026,30/10/17
80001501,2017/TM/AF/X/107,SO171562,2017/SGSI000002964,990-005793-50,AT-GS970M/28-50,A10023G173800030,30/10/17
80001291,PO1708142,SO171381,2017/SGSI000002958,990-004869-005,AT-MMCWLMT-005,CN,30/10/17
80001240,529-A52776-584,SO171096,2017/SGSI000002957,990-004869-005,AT-MMCWLMT-005,CN,30/10/17
80001497,171010,SO171612,2017/SGSI000002975,990-005052-40,AT-FS980M/52-40 48FE+4SF,A05339R164700075,30/10/17
80001568,FC1710-AT001,SO171630,2017/SGSI000002981,990-005049-50,AT-FS980M/18PS-50,A05336R165200168,30/10/17
80001568,FC1710-AT001,SO171630,2017/SGSI000002981,990-005049-50,AT-FS980M/18PS-50,A05336R165200169,30/10/17
80001568,FC1710-AT001,SO171630,2017/SGSI000002981,990-005049-50,AT-FS980M/18PS-50,A05336R165200176,30/10/17
80001568,FC1710-AT001,SO171630,2017/SGSI000002981,990-005049-50,AT-FS980M/18PS-50,A05336R165200177,30/10/17
80001568,FC1710-AT001,SO171630,2017/SGSI000002981,990-005049-50,AT-FS980M/18PS-50,A05336R165200180,30/10/17
80001568,FC1710-AT001,SO171630,2017/SGSI000002981,990-005049-50,AT-FS980M/18PS-50,A05336R165200181,30/10/17
80001568,FC1710-AT001,SO171630,2017/SGSI000002981,990-005049-50,AT-FS980M/18PS-50,A05336R165200340,30/10/17
80001568,FC1710-AT001,SO171630,2017/SGSI000002981,990-005049-50,AT-FS980M/18PS-50,A05336R165200341,30/10/17
80001568,FC1710-AT001,SO171630,2017/SGSI000002981,990-005049-50,AT-FS980M/18PS-50,A05336R165200344,30/10/17
80001568,FC1710-AT001,SO171630,2017/SGSI000002981,990-005049-50,AT-FS980M/18PS-50,A05336R165200345,30/10/17
80001568,FC1710-AT001,SO171630,2017/SGSI000002981,990-005049-50,AT-FS980M/18PS-50,A05336R173200057,30/10/17
80001568,FC1710-AT001,SO171630,2017/SGSI000002981,990-005049-50,AT-FS980M/18PS-50,A05336R173200058,30/10/17
80001568,FC1710-AT001,SO171630,2017/SGSI000002981,990-005049-50,AT-FS980M/18PS-50,A05336R173200074,30/10/17
80000046,3000070995,SO171637,2017/SGSI000002943,990-004841-40,AT-DMC1000/LC-40,A05220G173100001,27/10/17
80000046,3000070995,SO171637,2017/SGSI000002943,990-004841-40,AT-DMC1000/LC-40,A05220G173100002,27/10/17
80000046,3000070995,SO171637,2017/SGSI000002943,990-004841-40,AT-DMC1000/LC-40,A05220G173100003,27/10/17
80000046,3000070995,SO171637,2017/SGSI000002943,990-004841-40,AT-DMC1000/LC-40,A05220G173100004,27/10/17
80000046,3000070995,SO171637,2017/SGSI000002943,990-004841-40,AT-DMC1000/LC-40,A05220G173100005,27/10/17
80000046,3000070995,SO171637,2017/SGSI000002943,990-004841-40,AT-DMC1000/LC-40,A05220G173100006,27/10/17
80000046,3000070995,SO171637,2017/SGSI000002943,990-004841-40,AT-DMC1000/LC-40,A05220G173100007,27/10/17
80000046,3000070995,SO171637,2017/SGSI000002943,990-004841-40,AT-DMC1000/LC-40,A05220G173100008,27/10/17
80000046,3000070995,SO171637,2017/SGSI000002943,990-004841-40,AT-DMC1000/LC-40,A05220G173100009,27/10/17
80000046,3000070995,SO171637,2017/SGSI000002943,990-004841-40,AT-DMC1000/LC-40,A05220G173100010,27/10/17
80000046,3000070995,SO171637,2017/SGSI000002943,990-004841-40,AT-DMC1000/LC-40,A05220G173100011,27/10/17
80000046,3000070995,SO171637,2017/SGSI000002943,990-004841-40,AT-DMC1000/LC-40,A05220G173100012,27/10/17
80000046,3000070995,SO171637,2017/SGSI000002943,990-004841-40,AT-DMC1000/LC-40,A05220G173100013,27/10/17
80000046,3000070995,SO171637,2017/SGSI000002943,990-004841-40,AT-DMC1000/LC-40,A05220G173100014,27/10/17
80000046,3000070995,SO171637,2017/SGSI000002943,990-004841-40,AT-DMC1000/LC-40,A05220G173100015,27/10/17
80000046,3000070995,SO171637,2017/SGSI000002943,990-004841-40,AT-DMC1000/LC-40,A05220G173100016,27/10/17
80000046,3000070995,SO171637,2017/SGSI000002943,990-004841-40,AT-DMC1000/LC-40,A05220G173100017,27/10/17
80000046,3000070995,SO171637,2017/SGSI000002943,990-004841-40,AT-DMC1000/LC-40,A05220G173100018,27/10/17
80000046,3000070995,SO171637,2017/SGSI000002943,990-004841-40,AT-DMC1000/LC-40,A05220G173100019,27/10/17
80000046,3000070995,SO171637,2017/SGSI000002943,990-004841-40,AT-DMC1000/LC-40,A05220G173100020,27/10/17
80000046,3000070995,SO171637,2017/SGSI000002943,990-004841-40,AT-DMC1000/LC-40,A05220G173100021,27/10/17
80000046,3000070995,SO171637,2017/SGSI000002943,990-004841-40,AT-DMC1000/LC-40,A05220G173100022,27/10/17
80000046,3000070995,SO171637,2017/SGSI000002943,990-004841-40,AT-DMC1000/LC-40,A05220G173100023,27/10/17
80000046,3000070995,SO171637,2017/SGSI000002943,990-004841-40,AT-DMC1000/LC-40,A05220G173100024,27/10/17
80000046,3000070995,SO171637,2017/SGSI000002943,990-004841-40,AT-DMC1000/LC-40,A05220G173100025,27/10/17
80000046,3000070995,SO171637,2017/SGSI000002943,990-004841-40,AT-DMC1000/LC-40,A052204172500001,27/10/17
80000046,3000070995,SO171637,2017/SGSI000002943,990-004841-40,AT-DMC1000/LC-40,A052204172500002,27/10/17
80000046,3000070995,SO171637,2017/SGSI000002943,990-004841-40,AT-DMC1000/LC-40,A052204172500003,27/10/17
80000046,3000070995,SO171637,2017/SGSI000002943,990-004841-40,AT-DMC1000/LC-40,A052204172500004,27/10/17
80000046,3000070995,SO171637,2017/SGSI000002943,990-004841-40,AT-DMC1000/LC-40,A052204172500005,27/10/17
80000046,3000070995,SO171637,2017/SGSI000002943,990-004841-40,AT-DMC1000/LC-40,A052204172500006,27/10/17
80000046,3000070995,SO171637,2017/SGSI000002943,990-004841-40,AT-DMC1000/LC-40,A052204172500007,27/10/17
80000046,3000070995,SO171637,2017/SGSI000002943,990-004841-40,AT-DMC1000/LC-40,A052204172500008,27/10/17
80000046,3000070995,SO171637,2017/SGSI000002943,990-004841-40,AT-DMC1000/LC-40,A052204172500009,27/10/17
80000046,3000070995,SO171637,2017/SGSI000002943,990-004841-40,AT-DMC1000/LC-40,A052204172500010,27/10/17
80000046,3000070995,SO171637,2017/SGSI000002943,990-004841-40,AT-DMC1000/LC-40,A052204172500011,27/10/17
80000046,3000070995,SO171637,2017/SGSI000002943,990-004841-40,AT-DMC1000/LC-40,A052204172500012,27/10/17
80000046,3000070995,SO171637,2017/SGSI000002943,990-004841-40,AT-DMC1000/LC-40,A052204172500013,27/10/17
80000046,3000070995,SO171637,2017/SGSI000002943,990-004841-40,AT-DMC1000/LC-40,A052204172500014,27/10/17
80000046,3000070995,SO171637,2017/SGSI000002943,990-004841-40,AT-DMC1000/LC-40,A052204172500015,27/10/17
80000046,3000070995,SO171637,2017/SGSI000002943,990-004841-40,AT-DMC1000/LC-40,A052204172500017,27/10/17
80000046,3000070995,SO171637,2017/SGSI000002943,990-004841-40,AT-DMC1000/LC-40,A052204172500018,27/10/17
80000046,3000070995,SO171637,2017/SGSI000002943,990-004841-40,AT-DMC1000/LC-40,A052204172500019,27/10/17
80000046,3000070995,SO171637,2017/SGSI000002943,990-004841-40,AT-DMC1000/LC-40,A052204172500020,27/10/17
80000046,3000070995,SO171637,2017/SGSI000002943,990-004841-40,AT-DMC1000/LC-40,A052204172500021,27/10/17
80000046,3000070995,SO171637,2017/SGSI000002943,990-004841-40,AT-DMC1000/LC-40,A052204172500022,27/10/17
80000046,3000070995,SO171637,2017/SGSI000002943,990-004841-40,AT-DMC1000/LC-40,A052204172500023,27/10/17
80000046,3000070995,SO171637,2017/SGSI000002943,990-004841-40,AT-DMC1000/LC-40,A052204172500024,27/10/17
80000046,3000070995,SO171637,2017/SGSI000002943,990-004841-40,AT-DMC1000/LC-40,A052204172500037,27/10/17
80000046,3000070995,SO171637,2017/SGSI000002943,990-004841-40,AT-DMC1000/LC-40,A052204172500038,27/10/17
80000046,3000070995,SO171637,2017/SGSI000002943,990-004841-40,AT-DMC1000/LC-40,A052204172500039,27/10/17
80000046,3000070995,SO171637,2017/SGSI000002943,990-004841-40,AT-DMC1000/LC-40,A052204172500040,27/10/17
80000046,3000070995,SO171637,2017/SGSI000002943,990-004841-40,AT-DMC1000/LC-40,A052204172500041,27/10/17
80000046,3000070995,SO171637,2017/SGSI000002943,990-004841-40,AT-DMC1000/LC-40,A052204172500042,27/10/17
80000046,3000070995,SO171637,2017/SGSI000002943,990-004841-40,AT-DMC1000/LC-40,A052204172500043,27/10/17
80000046,3000070995,SO171637,2017/SGSI000002943,990-004841-40,AT-DMC1000/LC-40,A052204172500044,27/10/17
80000046,3000070995,SO171637,2017/SGSI000002943,990-004841-40,AT-DMC1000/LC-40,A052204172500045,27/10/17
80000046,3000070995,SO171637,2017/SGSI000002943,990-004841-40,AT-DMC1000/LC-40,A052204172500046,27/10/17
80000046,3000070995,SO171637,2017/SGSI000002943,990-004841-40,AT-DMC1000/LC-40,A052204172500047,27/10/17
80000046,3000070995,SO171637,2017/SGSI000002943,990-004841-40,AT-DMC1000/LC-40,A052204172500048,27/10/17
80000914,832540,SO171090,2017/SGSI000002943,990-005828-00,AT-MWS1750AP-00,A10030R173300171,26/10/17
80000914,832540,SO171090,2017/SGSI000002943,990-005828-00,AT-MWS1750AP-00,A10030R173300172,26/10/17
80000914,832540,SO171090,2017/SGSI000002943,990-005828-00,AT-MWS1750AP-00,A10030R173300173,26/10/17
80000914,832540,SO171090,2017/SGSI000002943,990-005828-00,AT-MWS1750AP-00,A10030R173300174,26/10/17
80001546,PB-ATI-PO17014,SO171477,2017/SGSI000002943,990-005049-10,AT-FS980M/18PS-10,A05336R165200051,26/10/17
80001546,PB-ATI-PO17014,SO171477,2017/SGSI000002943,990-005049-10,AT-FS980M/18PS-10,A05336R165200052,26/10/17
80000046,3000070995,SO171637,2017/SGSI000002943,990-004841-40,AT-DMC1000/LC-40,A05220G173100001,27/10/17
80000046,3000070995,SO171637,2017/SGSI000002943,990-004841-40,AT-DMC1000/LC-40,A05220G173100002,27/10/17
80000046,3000070995,SO171637,2017/SGSI000002943,990-004841-40,AT-DMC1000/LC-40,A05220G173100003,27/10/17
80000046,3000070995,SO171637,2017/SGSI000002943,990-004841-40,AT-DMC1000/LC-40,A05220G173100004,27/10/17
80000046,3000070995,SO171637,2017/SGSI000002943,990-004841-40,AT-DMC1000/LC-40,A05220G173100005,27/10/17
80000046,3000070995,SO171637,2017/SGSI000002943,990-004841-40,AT-DMC1000/LC-40,A05220G173100006,27/10/17
80000046,3000070995,SO171637,2017/SGSI000002943,990-004841-40,AT-DMC1000/LC-40,A05220G173100007,27/10/17
80000046,3000070995,SO171637,2017/SGSI000002943,990-004841-40,AT-DMC1000/LC-40,A05220G173100008,27/10/17
80000046,3000070995,SO171637,2017/SGSI000002943,990-004841-40,AT-DMC1000/LC-40,A05220G173100009,27/10/17
80000046,3000070995,SO171637,2017/SGSI000002943,990-004841-40,AT-DMC1000/LC-40,A05220G173100010,27/10/17
80000046,3000070995,SO171637,2017/SGSI000002943,990-004841-40,AT-DMC1000/LC-40,A05220G173100011,27/10/17
80000046,3000070995,SO171637,2017/SGSI000002943,990-004841-40,AT-DMC1000/LC-40,A05220G173100012,27/10/17
80000046,3000070995,SO171637,2017/SGSI000002943,990-004841-40,AT-DMC1000/LC-40,A05220G173100013,27/10/17
80000046,3000070995,SO171637,2017/SGSI000002943,990-004841-40,AT-DMC1000/LC-40,A05220G173100014,27/10/17
80000046,3000070995,SO171637,2017/SGSI000002943,990-004841-40,AT-DMC1000/LC-40,A05220G173100015,27/10/17
80000046,3000070995,SO171637,2017/SGSI000002943,990-004841-40,AT-DMC1000/LC-40,A05220G173100016,27/10/17
80000046,3000070995,SO171637,2017/SGSI000002943,990-004841-40,AT-DMC1000/LC-40,A05220G173100017,27/10/17
80000046,3000070995,SO171637,2017/SGSI000002943,990-004841-40,AT-DMC1000/LC-40,A05220G173100018,27/10/17
80000046,3000070995,SO171637,2017/SGSI000002943,990-004841-40,AT-DMC1000/LC-40,A05220G173100019,27/10/17
80000046,3000070995,SO171637,2017/SGSI000002943,990-004841-40,AT-DMC1000/LC-40,A05220G173100020,27/10/17
80000046,3000070995,SO171637,2017/SGSI000002943,990-004841-40,AT-DMC1000/LC-40,A05220G173100021,27/10/17
80000046,3000070995,SO171637,2017/SGSI000002943,990-004841-40,AT-DMC1000/LC-40,A05220G173100022,27/10/17
80000046,3000070995,SO171637,2017/SGSI000002943,990-004841-40,AT-DMC1000/LC-40,A05220G173100023,27/10/17
80000046,3000070995,SO171637,2017/SGSI000002943,990-004841-40,AT-DMC1000/LC-40,A05220G173100024,27/10/17
80000046,3000070995,SO171637,2017/SGSI000002943,990-004841-40,AT-DMC1000/LC-40,A05220G173100025,27/10/17
80000046,3000070995,SO171637,2017/SGSI000002943,990-004841-40,AT-DMC1000/LC-40,A052204172500001,27/10/17
80000046,3000070995,SO171637,2017/SGSI000002943,990-004841-40,AT-DMC1000/LC-40,A052204172500002,27/10/17
80000046,3000070995,SO171637,2017/SGSI000002943,990-004841-40,AT-DMC1000/LC-40,A052204172500003,27/10/17
80000046,3000070995,SO171637,2017/SGSI000002943,990-004841-40,AT-DMC1000/LC-40,A052204172500004,27/10/17
80000046,3000070995,SO171637,2017/SGSI000002943,990-004841-40,AT-DMC1000/LC-40,A052204172500005,27/10/17
80000046,3000070995,SO171637,2017/SGSI000002943,990-004841-40,AT-DMC1000/LC-40,A052204172500006,27/10/17
80000046,3000070995,SO171637,2017/SGSI000002943,990-004841-40,AT-DMC1000/LC-40,A052204172500007,27/10/17
80000046,3000070995,SO171637,2017/SGSI000002943,990-004841-40,AT-DMC1000/LC-40,A052204172500008,27/10/17
80000046,3000070995,SO171637,2017/SGSI000002943,990-004841-40,AT-DMC1000/LC-40,A052204172500009,27/10/17
80000046,3000070995,SO171637,2017/SGSI000002943,990-004841-40,AT-DMC1000/LC-40,A052204172500010,27/10/17
80000046,3000070995,SO171637,2017/SGSI000002943,990-004841-40,AT-DMC1000/LC-40,A052204172500011,27/10/17
80000046,3000070995,SO171637,2017/SGSI000002943,990-004841-40,AT-DMC1000/LC-40,A052204172500012,27/10/17
80000046,3000070995,SO171637,2017/SGSI000002943,990-004841-40,AT-DMC1000/LC-40,A052204172500013,27/10/17
80000046,3000070995,SO171637,2017/SGSI000002943,990-004841-40,AT-DMC1000/LC-40,A052204172500014,27/10/17
80000046,3000070995,SO171637,2017/SGSI000002943,990-004841-40,AT-DMC1000/LC-40,A052204172500015,27/10/17
80000046,3000070995,SO171637,2017/SGSI000002943,990-004841-40,AT-DMC1000/LC-40,A052204172500017,27/10/17
80000046,3000070995,SO171637,2017/SGSI000002943,990-004841-40,AT-DMC1000/LC-40,A052204172500018,27/10/17
80000046,3000070995,SO171637,2017/SGSI000002943,990-004841-40,AT-DMC1000/LC-40,A052204172500019,27/10/17
80000046,3000070995,SO171637,2017/SGSI000002943,990-004841-40,AT-DMC1000/LC-40,A052204172500020,27/10/17
80000046,3000070995,SO171637,2017/SGSI000002943,990-004841-40,AT-DMC1000/LC-40,A052204172500021,27/10/17
80000046,3000070995,SO171637,2017/SGSI000002943,990-004841-40,AT-DMC1000/LC-40,A052204172500022,27/10/17
80000046,3000070995,SO171637,2017/SGSI000002943,990-004841-40,AT-DMC1000/LC-40,A052204172500023,27/10/17
80000046,3000070995,SO171637,2017/SGSI000002943,990-004841-40,AT-DMC1000/LC-40,A052204172500024,27/10/17
80000046,3000070995,SO171637,2017/SGSI000002943,990-004841-40,AT-DMC1000/LC-40,A052204172500037,27/10/17
80000046,3000070995,SO171637,2017/SGSI000002943,990-004841-40,AT-DMC1000/LC-40,A052204172500038,27/10/17
80000046,3000070995,SO171637,2017/SGSI000002943,990-004841-40,AT-DMC1000/LC-40,A052204172500039,27/10/17
80000046,3000070995,SO171637,2017/SGSI000002943,990-004841-40,AT-DMC1000/LC-40,A052204172500040,27/10/17
80000046,3000070995,SO171637,2017/SGSI000002943,990-004841-40,AT-DMC1000/LC-40,A052204172500041,27/10/17
80000046,3000070995,SO171637,2017/SGSI000002943,990-004841-40,AT-DMC1000/LC-40,A052204172500042,27/10/17
80000046,3000070995,SO171637,2017/SGSI000002943,990-004841-40,AT-DMC1000/LC-40,A052204172500043,27/10/17
80000046,3000070995,SO171637,2017/SGSI000002943,990-004841-40,AT-DMC1000/LC-40,A052204172500044,27/10/17
80000046,3000070995,SO171637,2017/SGSI000002943,990-004841-40,AT-DMC1000/LC-40,A052204172500045,27/10/17
80000046,3000070995,SO171637,2017/SGSI000002943,990-004841-40,AT-DMC1000/LC-40,A052204172500046,27/10/17
80000046,3000070995,SO171637,2017/SGSI000002943,990-004841-40,AT-DMC1000/LC-40,A052204172500047,27/10/17
80000046,3000070995,SO171637,2017/SGSI000002943,990-004841-40,AT-DMC1000/LC-40,A052204172500048,27/10/17
80001503,FIPO/1709/G065,SO171464,2017/SGSI000002902,990-005793-30,AT-GS970M/28-30,A10023G173800001,25/10/17
80001503,FIPO/1709/G065,SO171464,2017/SGSI000002902,990-005793-30,AT-GS970M/28-30,A10023G173800025,25/10/17
80001503,FIPO/1709/G069,SO171466,2017/SGSI000002903,990-005796-30,"AT-GS970M/18-30,",A100254173900130,25/10/17
80001503,FIPO/1709/G069,SO171466,2017/SGSI000002903,990-005796-30,"AT-GS970M/18-30,",A10025G173700020,25/10/17
80001503,FIPO/1709/G069,SO171466,2017/SGSI000002903,990-005796-30,"AT-GS970M/18-30,",A10025G173700048,25/10/17
80001503,FIPO/1710/G020,SO171545,2017/SGSI000002906,990-005798-30,AT-GS970M/10-30,A100274173700004,25/10/17
80001503,FIPO/1710/G020,SO171545,2017/SGSI000002906,990-005798-30,AT-GS970M/10-30,A100274173800088,25/10/17
80000914,832540,SO171090,2017/SGSI000002931,990-005828-00,AT-MWS1750AP-00,A10030R173300171,26/10/17
80000914,832540,SO171090,2017/SGSI000002931,990-005828-00,AT-MWS1750AP-00,A10030R173300172,26/10/17
80000914,832540,SO171090,2017/SGSI000002931,990-005828-00,AT-MWS1750AP-00,A10030R173300173,26/10/17
80000914,832540,SO171090,2017/SGSI000002931,990-005828-00,AT-MWS1750AP-00,A10030R173300174,26/10/17
80001546,PB-ATI-PO17014,SO171477,2017/SGSI000002933,990-005049-10,AT-FS980M/18PS-10,A05336R165200051,26/10/17
80001546,PB-ATI-PO17014,SO171477,2017/SGSI000002933,990-005049-10,AT-FS980M/18PS-10,A05336R165200052,26/10/17
80001503,FIPO/1709/G065,SO171464,2017/SGSI000002902,990-005793-30,AT-GS970M/28-30,A10023G173800001,25/10/17
80001503,FIPO/1709/G065,SO171464,2017/SGSI000002902,990-005793-30,AT-GS970M/28-30,A10023G173800025,25/10/17
80001503,FIPO/1709/G069,SO171466,2017/SGSI000002903,990-005796-30,"AT-GS970M/18-30,",A100254173900130,25/10/17
80001503,FIPO/1709/G069,SO171466,2017/SGSI000002903,990-005796-30,"AT-GS970M/18-30,",A10025G173700020,25/10/17
80001503,FIPO/1709/G069,SO171466,2017/SGSI000002903,990-005796-30,"AT-GS970M/18-30,",A10025G173700048,25/10/17
80001503,FIPO/1710/G020,SO171545,2017/SGSI000002906,990-005798-30,AT-GS970M/10-30,A100274173700004,25/10/17
80001503,FIPO/1710/G020,SO171545,2017/SGSI000002906,990-005798-30,AT-GS970M/10-30,A100274173800088,25/10/17
80001575,NTC/ATI/IMP 002,SO171571,2017/SGSI000002854,990-005793-50,AT-GS970M/28-50,A10023G173800022,20/10/17
80001575,NTC/ATI/IMP 002,SO171571,2017/SGSI000002854,990-005793-50,AT-GS970M/28-50,A10023G173800024,20/10/17
80001575,NTC/ATI/IMP 002,SO171571,2017/SGSI000002854,990-005793-50,AT-GS970M/28-50,A10023G173800029,20/10/17
80001575,NTC/ATI/IMP 002,SO171571,2017/SGSI000002854,990-005793-50,AT-GS970M/28-50,A10023G173800022,20/10/17
80001575,NTC/ATI/IMP 002,SO171571,2017/SGSI000002854,990-005793-50,AT-GS970M/28-50,A10023G173800024,20/10/17
80001575,NTC/ATI/IMP 002,SO171571,2017/SGSI000002854,990-005793-50,AT-GS970M/28-50,A10023G173800029,20/10/17
80001533,4503209407,SO171264,2017/SGSI000002834,990-005796-40,"AT-GS970M/18-40,",A10025G173700015,17/10/17
80001533,4503209407,SO171264,2017/SGSI000002834,990-005796-40,"AT-GS970M/18-40,",A10025G173700019,17/10/17
80001533,4503209407,SO171264,2017/SGSI000002834,990-005796-40,"AT-GS970M/18-40,",A10025G173700022,17/10/17
80001533,4503209407,SO171264,2017/SGSI000002834,990-005793-40,AT-GS970M/28-40,A10023G173800016,17/10/17
80001533,4503209407,SO171264,2017/SGSI000002834,990-005793-40,AT-GS970M/28-40,A10023G173800021,17/10/17
80001533,4503209407,SO171264,2017/SGSI000002834,990-005793-40,AT-GS970M/28-40,A10023G173800027,17/10/17
80001533,4503209407,SO171264,2017/SGSI000002834,990-005106-41,AT-x550-18XSQ-41,A10012A173400014,17/10/17
80001533,4503209407,SO171264,2017/SGSI000002834,990-005106-41,AT-x550-18XSQ-41,A10012A173400021,17/10/17
80001533,4503184898,SO171521,2017/SGSI000002837,990-005004-901,AT-2911SX/SC-901,A052924173500468,17/10/17
80001533,4503184898,SO171521,2017/SGSI000002837,990-005004-901,AT-2911SX/SC-901,A052924173500470,17/10/17
80001533,4503184898,SO171521,2017/SGSI000002837,990-005004-901,AT-2911SX/SC-901,A052924173501281,17/10/17
80001533,4503184898,SO171521,2017/SGSI000002837,990-005004-901,AT-2911SX/SC-901,A052924173501282,17/10/17
80001533,4503184898,SO171521,2017/SGSI000002837,990-005004-901,AT-2911SX/SC-901,A052924173501310,17/10/17
80001533,4503184898,SO171521,2017/SGSI000002837,990-005004-901,AT-2911SX/SC-901,A052924173501314,17/10/17
80001533,4503184898,SO171521,2017/SGSI000002837,990-005004-901,AT-2911SX/SC-901,A052924173501316,17/10/17
80001533,4503184898,SO171521,2017/SGSI000002837,990-005004-901,AT-2911SX/SC-901,A052924173501321,17/10/17
80001533,4503184898,SO171521,2017/SGSI000002837,990-005004-901,AT-2911SX/SC-901,A052924173501326,17/10/17
80001533,4503184898,SO171521,2017/SGSI000002837,990-005004-901,AT-2911SX/SC-901,A052924173501328,17/10/17
80001533,4503184898,SO171521,2017/SGSI000002837,990-005004-901,AT-2911SX/SC-901,A052924173501333,17/10/17
80001533,4503184898,SO171521,2017/SGSI000002837,990-005004-901,AT-2911SX/SC-901,A052924173501687,17/10/17
80001533,4503184898,SO171521,2017/SGSI000002837,990-005004-901,AT-2911SX/SC-901,A052924173502042,17/10/17
80001533,4503184898,SO171521,2017/SGSI000002837,990-005004-901,AT-2911SX/SC-901,A052924173502103,17/10/17
80000046,3000070537,SO171581,2017/SGSI000002844,990-005052-50,AT-FS980M/52-50 48FE+4SF,A05339R172300265,17/10/17
80000046,3000070537,SO171581,2017/SGSI000002844,990-005052-50,AT-FS980M/52-50 48FE+4SF,A05339R172300266,17/10/17
80000046,3000070537,SO171581,2017/SGSI000002844,990-005052-50,AT-FS980M/52-50 48FE+4SF,A05339R172300267,17/10/17
80000046,3000070537,SO171581,2017/SGSI000002844,990-005052-50,AT-FS980M/52-50 48FE+4SF,A05339R172300268,17/10/17
80000046,3000070537,SO171581,2017/SGSI000002844,990-005052-50,AT-FS980M/52-50 48FE+4SF,A05339R172300274,17/10/17
80001533,4503209407,SO171264,2017/SGSI000002834,990-005796-40,"AT-GS970M/18-40,",A10025G173700015,17/10/17
80001533,4503209407,SO171264,2017/SGSI000002834,990-005796-40,"AT-GS970M/18-40,",A10025G173700019,17/10/17
80001533,4503209407,SO171264,2017/SGSI000002834,990-005796-40,"AT-GS970M/18-40,",A10025G173700022,17/10/17
80001533,4503209407,SO171264,2017/SGSI000002834,990-005793-40,AT-GS970M/28-40,A10023G173800016,17/10/17
80001533,4503209407,SO171264,2017/SGSI000002834,990-005793-40,AT-GS970M/28-40,A10023G173800021,17/10/17
80001533,4503209407,SO171264,2017/SGSI000002834,990-005793-40,AT-GS970M/28-40,A10023G173800027,17/10/17
80001533,4503209407,SO171264,2017/SGSI000002834,990-005106-41,AT-x550-18XSQ-41,A10012A173400014,17/10/17
80001533,4503209407,SO171264,2017/SGSI000002834,990-005106-41,AT-x550-18XSQ-41,A10012A173400021,17/10/17
80001533,4503184898,SO171521,2017/SGSI000002837,990-005004-901,AT-2911SX/SC-901,A052924173500468,17/10/17
80001533,4503184898,SO171521,2017/SGSI000002837,990-005004-901,AT-2911SX/SC-901,A052924173500470,17/10/17
80001533,4503184898,SO171521,2017/SGSI000002837,990-005004-901,AT-2911SX/SC-901,A052924173501281,17/10/17
80001533,4503184898,SO171521,2017/SGSI000002837,990-005004-901,AT-2911SX/SC-901,A052924173501282,17/10/17
80001533,4503184898,SO171521,2017/SGSI000002837,990-005004-901,AT-2911SX/SC-901,A052924173501310,17/10/17
80001533,4503184898,SO171521,2017/SGSI000002837,990-005004-901,AT-2911SX/SC-901,A052924173501314,17/10/17
80001533,4503184898,SO171521,2017/SGSI000002837,990-005004-901,AT-2911SX/SC-901,A052924173501316,17/10/17
80001533,4503184898,SO171521,2017/SGSI000002837,990-005004-901,AT-2911SX/SC-901,A052924173501321,17/10/17
80001533,4503184898,SO171521,2017/SGSI000002837,990-005004-901,AT-2911SX/SC-901,A052924173501326,17/10/17
80001533,4503184898,SO171521,2017/SGSI000002837,990-005004-901,AT-2911SX/SC-901,A052924173501328,17/10/17
80001533,4503184898,SO171521,2017/SGSI000002837,990-005004-901,AT-2911SX/SC-901,A052924173501333,17/10/17
80001533,4503184898,SO171521,2017/SGSI000002837,990-005004-901,AT-2911SX/SC-901,A052924173501687,17/10/17
80001533,4503184898,SO171521,2017/SGSI000002837,990-005004-901,AT-2911SX/SC-901,A052924173502042,17/10/17
80001533,4503184898,SO171521,2017/SGSI000002837,990-005004-901,AT-2911SX/SC-901,A052924173502103,17/10/17
80000046,3000070537,SO171581,2017/SGSI000002844,990-005052-50,AT-FS980M/52-50 48FE+4SF,A05339R172300265,17/10/17
80000046,3000070537,SO171581,2017/SGSI000002844,990-005052-50,AT-FS980M/52-50 48FE+4SF,A05339R172300266,17/10/17
80000046,3000070537,SO171581,2017/SGSI000002844,990-005052-50,AT-FS980M/52-50 48FE+4SF,A05339R172300267,17/10/17
80000046,3000070537,SO171581,2017/SGSI000002844,990-005052-50,AT-FS980M/52-50 48FE+4SF,A05339R172300268,17/10/17
80000046,3000070537,SO171581,2017/SGSI000002844,990-005052-50,AT-FS980M/52-50 48FE+4SF,A05339R172300274,17/10/17
80001240,529-A09812-259,SO171483,2017/SGSI000002822,990-005572-001,AT-2911SX/2LC-001,A054434173400001,16/10/17
80001240,529-A09812-259,SO171483,2017/SGSI000002822,990-005572-001,AT-2911SX/2LC-001,A054434173400002,16/10/17
80001240,529-A09812-259,SO171483,2017/SGSI000002822,990-005572-001,AT-2911SX/2LC-001,A054434173400003,16/10/17
80001240,529-A09812-259,SO171483,2017/SGSI000002822,990-005572-001,AT-2911SX/2LC-001,A054434173400004,16/10/17
80001240,529-A09812-259,SO171483,2017/SGSI000002822,990-005572-001,AT-2911SX/2LC-001,A054434173400005,16/10/17
80001240,529-A09812-259,SO171483,2017/SGSI000002822,990-005572-001,AT-2911SX/2LC-001,A054434173400006,16/10/17
80001240,529-A09812-259,SO171483,2017/SGSI000002822,990-005572-001,AT-2911SX/2LC-001,A054434173400007,16/10/17
80001240,529-A09812-259,SO171483,2017/SGSI000002822,990-005572-001,AT-2911SX/2LC-001,A054434173400008,16/10/17
80001240,529-A09812-259,SO171483,2017/SGSI000002822,990-005572-001,AT-2911SX/2LC-001,A054434173400009,16/10/17
80001240,529-A09812-259,SO171483,2017/SGSI000002822,990-005572-001,AT-2911SX/2LC-001,A054434173400010,16/10/17
80001240,529-A09812-259,SO171483,2017/SGSI000002822,990-005572-001,AT-2911SX/2LC-001,A054434173400011,16/10/17
80001240,529-A09812-259,SO171483,2017/SGSI000002822,990-005572-001,AT-2911SX/2LC-001,A054434173400012,16/10/17
80001240,529-A09812-259,SO171483,2017/SGSI000002822,990-005572-001,AT-2911SX/2LC-001,A054434173400013,16/10/17
80001240,529-A09812-259,SO171483,2017/SGSI000002822,990-005572-001,AT-2911SX/2LC-001,A054434173400015,16/10/17
80001240,529-A09812-259,SO171483,2017/SGSI000002822,990-005572-001,AT-2911SX/2LC-001,A054434173400016,16/10/17
80001240,529-A09812-259,SO171483,2017/SGSI000002822,990-005572-001,AT-2911SX/2LC-001,A054434173400017,16/10/17
80001240,529-A09812-259,SO171483,2017/SGSI000002822,990-005572-001,AT-2911SX/2LC-001,A054434173400019,16/10/17
80001240,529-A09812-259,SO171483,2017/SGSI000002822,990-005572-001,AT-2911SX/2LC-001,A054434173400020,16/10/17
80001240,529-A09812-259,SO171483,2017/SGSI000002822,990-005572-001,AT-2911SX/2LC-001,A054434173400022,16/10/17
80001240,529-A09812-259,SO171483,2017/SGSI000002822,990-005572-001,AT-2911SX/2LC-001,A054434173400023,16/10/17
80001538,KINS/2017/282,SO171554,2017/SGSI000002782,990-005798-50,AT-GS970M/10-50,A100274173700001,13/10/17
80001538,KINS/2017/282,SO171554,2017/SGSI000002782,990-005793-50,AT-GS970M/28-50,A10023G173800008,13/10/17
80001538,KINS/2017/282,SO171554,2017/SGSI000002782,990-005793-50,AT-GS970M/28-50,A10023G173800010,13/10/17
80001538,KINS/2017/282,SO171554,2017/SGSI000002782,990-005798-50,AT-GS970M/10-50,A100274173700001,13/10/17
80001538,KINS/2017/282,SO171554,2017/SGSI000002782,990-005793-50,AT-GS970M/28-50,A10023G173800008,13/10/17
80001538,KINS/2017/282,SO171554,2017/SGSI000002782,990-005793-50,AT-GS970M/28-50,A10023G173800010,13/10/17
80001560,PH80027,SO171290,2017/SGSI000002766,990-005106-11,AT-x550-18XSQ-10,A10012A173400029,11/10/17
80001291,PO1708489,SO171501,2017/SGSI000002768,990-005260-60,AT-MMCR18-60,A10007G172900015,11/10/17
80001291,PO1708489,SO171501,2017/SGSI000002768,990-005260-60,AT-MMCR18-60,A10007G172900017,11/10/17
80001291,PO1708489,SO171501,2017/SGSI000002768,990-005261-60,AT-MMCR-PWR-AC-60,A05344G172400025,11/10/17
80001291,PO1708489,SO171501,2017/SGSI000002768,990-005261-60,AT-MMCR-PWR-AC-60,A05344G172900082,11/10/17
80001291,PO1708489,SO171501,2017/SGSI000002768,990-004818-60,AT-MMC200/SC-60,A05186G163500109,11/10/17
80001291,PO1708489,SO171501,2017/SGSI000002768,990-004818-60,AT-MMC200/SC-60,A05186G163500110,11/10/17
80001291,PO1708489,SO171501,2017/SGSI000002768,990-004818-60,AT-MMC200/SC-60,A05186G163500111,11/10/17
80001291,PO1708489,SO171501,2017/SGSI000002768,990-004818-60,AT-MMC200/SC-60,A05186G163500112,11/10/17
80001291,PO1708835,SO171528,2017/SGSI000002770,990-005260-60,AT-MMCR18-60,A10007G172900011,11/10/17
80001291,PO1708835,SO171528,2017/SGSI000002770,990-005261-60,AT-MMCR-PWR-AC-60,A05344G172900083,11/10/17
80001291,PO1708835,SO171528,2017/SGSI000002770,990-004818-60,AT-MMC200/SC-60,A05186G163100055,11/10/17
80001291,PO1708835,SO171528,2017/SGSI000002770,990-004818-60,AT-MMC200/SC-60,A05186G163100057,11/10/17
80001291,PO1708835,SO171528,2017/SGSI000002770,990-004818-60,AT-MMC200/SC-60,A05186G163100058,11/10/17
80001291,PO1708835,SO171528,2017/SGSI000002770,990-004818-60,AT-MMC200/SC-60,A05186G163100060,11/10/17
80001291,PO1708835,SO171528,2017/SGSI000002770,990-004818-60,AT-MMC200/SC-60,A05186G163100061,11/10/17
80001291,PO1708835,SO171528,2017/SGSI000002770,990-004818-60,AT-MMC200/SC-60,A05186G163100062,11/10/17
80001291,PO1708835,SO171528,2017/SGSI000002770,990-004818-60,AT-MMC200/SC-60,A05186G163100063,11/10/17
80001291,PO1708835,SO171528,2017/SGSI000002770,990-004818-60,AT-MMC200/SC-60,A05186G163100064,11/10/17
80001291,PO1708835,SO171528,2017/SGSI000002770,990-004818-60,AT-MMC200/SC-60,A05186G163100065,11/10/17
80001291,PO1708835,SO171528,2017/SGSI000002770,990-004818-60,AT-MMC200/SC-60,A05186G163100066,11/10/17
80001291,PO1708835,SO171528,2017/SGSI000002770,990-004818-60,AT-MMC200/SC-60,A05186G163100071,11/10/17
80001291,PO1708835,SO171528,2017/SGSI000002770,990-004818-60,AT-MMC200/SC-60,A05186G163100075,11/10/17
80001291,PO1708835,SO171528,2017/SGSI000002770,990-004818-60,AT-MMC200/SC-60,A05186G163100076,11/10/17
80001291,PO1708835,SO171528,2017/SGSI000002770,990-004818-60,AT-MMC200/SC-60,A05186G163100079,11/10/17
80001291,PO1708835,SO171528,2017/SGSI000002770,990-004818-60,AT-MMC200/SC-60,A05186G163500099,11/10/17
80001291,PO1708835,SO171528,2017/SGSI000002770,990-004818-60,AT-MMC200/SC-60,A05186G163500100,11/10/17
80001291,PO1708835,SO171528,2017/SGSI000002770,990-004818-60,AT-MMC200/SC-60,A05186G163500101,11/10/17
80001291,PO1708835,SO171528,2017/SGSI000002770,990-004818-60,AT-MMC200/SC-60,A05186G163500102,11/10/17
80001291,PO1708835,SO171528,2017/SGSI000002770,990-004818-60,AT-MMC200/SC-60,A05186G163500103,11/10/17
80001291,PO1708835,SO171528,2017/SGSI000002770,990-004818-60,AT-MMC200/SC-60,A05186G163500104,11/10/17
80001291,PO1708835,SO171528,2017/SGSI000002770,990-004818-60,AT-MMC200/SC-60,A05186G163500105,11/10/17
80001291,PO1708835,SO171528,2017/SGSI000002770,990-004818-60,AT-MMC200/SC-60,A05186G163500106,11/10/17
80001291,PO1708835,SO171528,2017/SGSI000002770,990-004818-60,AT-MMC200/SC-60,A05186G163500107,11/10/17
80001291,PO1708835,SO171528,2017/SGSI000002770,990-004818-60,AT-MMC200/SC-60,A05186G163500108,11/10/17
80000656,PO 001157,SO171395,2017/SGSI000002758,990-005504-001,AT-2711FX/MT-001,A053914173400181,10/10/17
80000656,PO 001157,SO171395,2017/SGSI000002758,990-005504-001,AT-2711FX/MT-001,A053914173400182,10/10/17
80000656,PO 001157,SO171395,2017/SGSI000002758,990-005504-001,AT-2711FX/MT-001,A053914173400185,10/10/17
80000656,PO 001157,SO171395,2017/SGSI000002758,990-005504-001,AT-2711FX/MT-001,A053914173400017,10/10/17
80000656,PO 001157,SO171395,2017/SGSI000002758,990-005504-001,AT-2711FX/MT-001,A053914173400106,10/10/17
80000656,PO 001157,SO171395,2017/SGSI000002758,990-005504-001,AT-2711FX/MT-001,A053914173400109,10/10/17
80000656,PO 001157,SO171395,2017/SGSI000002758,990-005504-001,AT-2711FX/MT-001,A053914173400158,10/10/17
80000656,PO 001157,SO171395,2017/SGSI000002758,990-005504-001,AT-2711FX/MT-001,A053914173400162,10/10/17
80000656,PO 001157,SO171395,2017/SGSI000002758,990-005504-001,AT-2711FX/MT-001,A053914173400163,10/10/17
80000656,PO 001157,SO171395,2017/SGSI000002758,990-005504-001,AT-2711FX/MT-001,A053914173400164,10/10/17
80000656,PO 001157,SO171395,2017/SGSI000002758,990-005504-001,AT-2711FX/MT-001,A053914173400166,10/10/17
80000656,PO 001157,SO171395,2017/SGSI000002758,990-005504-001,AT-2711FX/MT-001,A053914173400167,10/10/17
80000656,PO 001157,SO171395,2017/SGSI000002758,990-005504-001,AT-2711FX/MT-001,A053914173400168,10/10/17
80000656,PO 001157,SO171395,2017/SGSI000002758,990-005504-001,AT-2711FX/MT-001,A053914173400169,10/10/17
80000656,PO 001157,SO171395,2017/SGSI000002758,990-005504-001,AT-2711FX/MT-001,A053914173400171,10/10/17
80000656,PO 001157,SO171395,2017/SGSI000002758,990-005504-001,AT-2711FX/MT-001,A053914173400173,10/10/17
80000656,PO 001157,SO171395,2017/SGSI000002758,990-005504-001,AT-2711FX/MT-001,A053914173400175,10/10/17
80000656,PO 001157,SO171395,2017/SGSI000002758,990-005504-001,AT-2711FX/MT-001,A053914173400177,10/10/17
80000656,PO 001157,SO171395,2017/SGSI000002758,990-005504-001,AT-2711FX/MT-001,A053914173400178,10/10/17
80000656,PO 001157,SO171395,2017/SGSI000002758,990-005504-001,AT-2711FX/MT-001,A053914173400179,10/10/17
80001444,17733,SO171530,2017/SGSI000002764,990-005407-40,AT-x230-10GT-N1-40,A05361G173000015,10/10/17
80001444,17733,SO171530,2017/SGSI000002764,990-005407-40,AT-x230-10GT-N1-40,A05361G173000019,10/10/17
80001560,PH80027,SO171290,2017/SGSI000002766,990-005106-11,AT-x550-18XSQ-10,A10012A173400029,11/10/17
80001291,PO1708489,SO171501,2017/SGSI000002768,990-005260-60,AT-MMCR18-60,A10007G172900015,11/10/17
80001291,PO1708489,SO171501,2017/SGSI000002768,990-005260-60,AT-MMCR18-60,A10007G172900017,11/10/17
80001291,PO1708489,SO171501,2017/SGSI000002768,990-005261-60,AT-MMCR-PWR-AC-60,A05344G172400025,11/10/17
80001291,PO1708489,SO171501,2017/SGSI000002768,990-005261-60,AT-MMCR-PWR-AC-60,A05344G172900082,11/10/17
80001291,PO1708489,SO171501,2017/SGSI000002768,990-004818-60,AT-MMC200/SC-60,A05186G163500109,11/10/17
80001291,PO1708489,SO171501,2017/SGSI000002768,990-004818-60,AT-MMC200/SC-60,A05186G163500110,11/10/17
80001291,PO1708489,SO171501,2017/SGSI000002768,990-004818-60,AT-MMC200/SC-60,A05186G163500111,11/10/17
80001291,PO1708489,SO171501,2017/SGSI000002768,990-004818-60,AT-MMC200/SC-60,A05186G163500112,11/10/17
80001291,PO1708835,SO171528,2017/SGSI000002770,990-005260-60,AT-MMCR18-60,A10007G172900011,11/10/17
80001291,PO1708835,SO171528,2017/SGSI000002770,990-005261-60,AT-MMCR-PWR-AC-60,A05344G172900083,11/10/17
80001291,PO1708835,SO171528,2017/SGSI000002770,990-004818-60,AT-MMC200/SC-60,A05186G163100055,11/10/17
80001291,PO1708835,SO171528,2017/SGSI000002770,990-004818-60,AT-MMC200/SC-60,A05186G163100057,11/10/17
80001291,PO1708835,SO171528,2017/SGSI000002770,990-004818-60,AT-MMC200/SC-60,A05186G163100058,11/10/17
80001291,PO1708835,SO171528,2017/SGSI000002770,990-004818-60,AT-MMC200/SC-60,A05186G163100060,11/10/17
80001291,PO1708835,SO171528,2017/SGSI000002770,990-004818-60,AT-MMC200/SC-60,A05186G163100061,11/10/17
80001291,PO1708835,SO171528,2017/SGSI000002770,990-004818-60,AT-MMC200/SC-60,A05186G163100062,11/10/17
80001291,PO1708835,SO171528,2017/SGSI000002770,990-004818-60,AT-MMC200/SC-60,A05186G163100063,11/10/17
80001291,PO1708835,SO171528,2017/SGSI000002770,990-004818-60,AT-MMC200/SC-60,A05186G163100064,11/10/17
80001291,PO1708835,SO171528,2017/SGSI000002770,990-004818-60,AT-MMC200/SC-60,A05186G163100065,11/10/17
80001291,PO1708835,SO171528,2017/SGSI000002770,990-004818-60,AT-MMC200/SC-60,A05186G163100066,11/10/17
80001291,PO1708835,SO171528,2017/SGSI000002770,990-004818-60,AT-MMC200/SC-60,A05186G163100071,11/10/17
80001291,PO1708835,SO171528,2017/SGSI000002770,990-004818-60,AT-MMC200/SC-60,A05186G163100075,11/10/17
80001291,PO1708835,SO171528,2017/SGSI000002770,990-004818-60,AT-MMC200/SC-60,A05186G163100076,11/10/17
80001291,PO1708835,SO171528,2017/SGSI000002770,990-004818-60,AT-MMC200/SC-60,A05186G163100079,11/10/17
80001291,PO1708835,SO171528,2017/SGSI000002770,990-004818-60,AT-MMC200/SC-60,A05186G163500099,11/10/17
80001291,PO1708835,SO171528,2017/SGSI000002770,990-004818-60,AT-MMC200/SC-60,A05186G163500100,11/10/17
80001291,PO1708835,SO171528,2017/SGSI000002770,990-004818-60,AT-MMC200/SC-60,A05186G163500101,11/10/17
80001291,PO1708835,SO171528,2017/SGSI000002770,990-004818-60,AT-MMC200/SC-60,A05186G163500102,11/10/17
80001291,PO1708835,SO171528,2017/SGSI000002770,990-004818-60,AT-MMC200/SC-60,A05186G163500103,11/10/17
80001291,PO1708835,SO171528,2017/SGSI000002770,990-004818-60,AT-MMC200/SC-60,A05186G163500104,11/10/17
80001291,PO1708835,SO171528,2017/SGSI000002770,990-004818-60,AT-MMC200/SC-60,A05186G163500105,11/10/17
80001291,PO1708835,SO171528,2017/SGSI000002770,990-004818-60,AT-MMC200/SC-60,A05186G163500106,11/10/17
80001291,PO1708835,SO171528,2017/SGSI000002770,990-004818-60,AT-MMC200/SC-60,A05186G163500107,11/10/17
80001291,PO1708835,SO171528,2017/SGSI000002770,990-004818-60,AT-MMC200/SC-60,A05186G163500108,11/10/17
80000656,PO 001157,SO171395,2017/SGSI000002758,990-005504-001,AT-2711FX/MT-001,A053914173400181,10/10/17
80000656,PO 001157,SO171395,2017/SGSI000002758,990-005504-001,AT-2711FX/MT-001,A053914173400182,10/10/17
80000656,PO 001157,SO171395,2017/SGSI000002758,990-005504-001,AT-2711FX/MT-001,A053914173400185,10/10/17
80000656,PO 001157,SO171395,2017/SGSI000002758,990-005504-001,AT-2711FX/MT-001,A053914173400017,10/10/17
80000656,PO 001157,SO171395,2017/SGSI000002758,990-005504-001,AT-2711FX/MT-001,A053914173400106,10/10/17
80000656,PO 001157,SO171395,2017/SGSI000002758,990-005504-001,AT-2711FX/MT-001,A053914173400109,10/10/17
80000656,PO 001157,SO171395,2017/SGSI000002758,990-005504-001,AT-2711FX/MT-001,A053914173400158,10/10/17
80000656,PO 001157,SO171395,2017/SGSI000002758,990-005504-001,AT-2711FX/MT-001,A053914173400162,10/10/17
80000656,PO 001157,SO171395,2017/SGSI000002758,990-005504-001,AT-2711FX/MT-001,A053914173400163,10/10/17
80000656,PO 001157,SO171395,2017/SGSI000002758,990-005504-001,AT-2711FX/MT-001,A053914173400164,10/10/17
80000656,PO 001157,SO171395,2017/SGSI000002758,990-005504-001,AT-2711FX/MT-001,A053914173400166,10/10/17
80000656,PO 001157,SO171395,2017/SGSI000002758,990-005504-001,AT-2711FX/MT-001,A053914173400167,10/10/17
80000656,PO 001157,SO171395,2017/SGSI000002758,990-005504-001,AT-2711FX/MT-001,A053914173400168,10/10/17
80000656,PO 001157,SO171395,2017/SGSI000002758,990-005504-001,AT-2711FX/MT-001,A053914173400169,10/10/17
80000656,PO 001157,SO171395,2017/SGSI000002758,990-005504-001,AT-2711FX/MT-001,A053914173400171,10/10/17
80000656,PO 001157,SO171395,2017/SGSI000002758,990-005504-001,AT-2711FX/MT-001,A053914173400173,10/10/17
80000656,PO 001157,SO171395,2017/SGSI000002758,990-005504-001,AT-2711FX/MT-001,A053914173400175,10/10/17
80000656,PO 001157,SO171395,2017/SGSI000002758,990-005504-001,AT-2711FX/MT-001,A053914173400177,10/10/17
80000656,PO 001157,SO171395,2017/SGSI000002758,990-005504-001,AT-2711FX/MT-001,A053914173400178,10/10/17
80000656,PO 001157,SO171395,2017/SGSI000002758,990-005504-001,AT-2711FX/MT-001,A053914173400179,10/10/17
80001444,17733,SO171530,2017/SGSI000002764,990-005407-40,AT-x230-10GT-N1-40,A05361G173000015,10/10/17
80001444,17733,SO171530,2017/SGSI000002764,990-005407-40,AT-x230-10GT-N1-40,A05361G173000019,10/10/17
80001554,1813,SO171351,2017/SGSI000002738,990-005106-31,AT-x550-18XSQ-30,A10012A173400028,09/10/17
80001445,PO170150,SO171393,2017/SGSI000002740,990-005530-00,AT-BRKT-J23,CN,09/10/17
80001445,PO170152,SO171422,2017/SGSI000002742,990-005794-10,"AT-GS970M/28PS-10, 24P,",A10024G173200184,09/10/17
80001503,FIPO/1710/G008,SO171526,2017/SGSI000002734,990-005794-30,"AT-GS970M/28PS-30, 24P,",A10024G173200603,09/10/17
80001503,FIPO/1710/G008,SO171526,2017/SGSI000002734,990-005793-30,AT-GS970M/28-30,A10023G173800002,09/10/17
80001445,PO170158,SO171489,2017/SGSI000002714,990-005794-10,"AT-GS970M/28PS-10, 24P,",A10024G173200648,04/10/17
80001445,PO170158,SO171489,2017/SGSI000002714,990-005794-10,"AT-GS970M/28PS-10, 24P,",A10024G173200679,04/10/17
80001445,PO170158,SO171489,2017/SGSI000002714,990-005794-10,"AT-GS970M/28PS-10, 24P,",A10024G173200716,04/10/17
80001445,PO170158,SO171489,2017/SGSI000002714,990-005794-10,"AT-GS970M/28PS-10, 24P,",A10024G173200897,04/10/17
80001445,PO170144,SO171356,2017/SGSI000002713,990-005793-10,AT-GS970M/28-10,A10023G173800003,04/10/17
80001445,PO170144,SO171356,2017/SGSI000002713,990-005793-10,AT-GS970M/28-10,A10023G173800005,04/10/17
80001445,PO170144,SO171356,2017/SGSI000002713,990-005793-10,AT-GS970M/28-10,A10023G173800015,04/10/17
80001445,PO170144,SO171356,2017/SGSI000002713,990-005793-10,AT-GS970M/28-10,A10023G173800028,04/10/17
80001445,PO170158,SO171489,2017/SGSI000002714,990-005794-10,"AT-GS970M/28PS-10, 24P,",A10024G173200002,04/10/17
80001445,PO170158,SO171489,2017/SGSI000002714,990-005794-10,"AT-GS970M/28PS-10, 24P,",A10024G173200383,04/10/17
80001445,PO170158,SO171489,2017/SGSI000002714,990-005794-10,"AT-GS970M/28PS-10, 24P,",A10024G173200547,04/10/17
80001444,17715,SO171486,2017/SGSI000002719,990-005039-40,AT-x230-18GT-N1-40 & 1y,A05304G170300005,04/10/17
80001444,17715,SO171486,2017/SGSI000002719,990-005039-40,AT-x230-18GT-N1-40 & 1y,A05304G170300006,04/10/17
80001444,17715,SO171486,2017/SGSI000002719,990-005039-40,AT-x230-18GT-N1-40 & 1y,A05304G170300007,04/10/17
80001533,4503209407,SO171264,2017/SGSI000002716,990-005798-40,AT-GS970M/10-40,A100274173800043,04/10/17
80001533,4503209407,SO171264,2017/SGSI000002716,990-005798-40,AT-GS970M/10-40,A100274173800044,04/10/17
80001533,4503209407,SO171264,2017/SGSI000002716,990-005798-40,AT-GS970M/10-40,A100274173800045,04/10/17
80001533,4503264506,SO171481,2017/SGSI000002718,990-005004-901,AT-2911SX/SC-901,A052924173400239,04/10/17
80001533,4503264506,SO171481,2017/SGSI000002718,990-005004-901,AT-2911SX/SC-901,A052924173400243,04/10/17
80001533,4503264506,SO171481,2017/SGSI000002718,990-005004-901,AT-2911SX/SC-901,A052924173400372,04/10/17
80001249,MKF/PO-00170456,SO171424,2017/SGSI000002709,990-005505-001,AT-2911SX/LC-001,A054154173400294,03/10/17
80001249,MKF/PO-00170456,SO171424,2017/SGSI000002709,990-005505-001,AT-2911SX/LC-001,A054154173400295,03/10/17
80001249,MKF/PO-00170456,SO171424,2017/SGSI000002709,990-005505-001,AT-2911SX/LC-001,A054154173400296,03/10/17
80001249,MKF/PO-00170456,SO171424,2017/SGSI000002709,990-005505-001,AT-2911SX/LC-001,A054154173400300,03/10/17
80001249,MKF/PO-00170456,SO171424,2017/SGSI000002709,990-005505-001,AT-2911SX/LC-001,A054154173400351,03/10/17
80001249,MKF/PO-00170456,SO171424,2017/SGSI000002709,990-005505-001,AT-2911SX/LC-001,A054154173400371,03/10/17
80001249,MKF/PO-00170456,SO171424,2017/SGSI000002709,990-005505-001,AT-2911SX/LC-001,A054154173400372,03/10/17
80001249,MKF/PO-00170456,SO171424,2017/SGSI000002709,990-005505-001,AT-2911SX/LC-001,A054154173400375,03/10/17
80001249,MKF/PO-00170456,SO171424,2017/SGSI000002709,990-005505-001,AT-2911SX/LC-001,A054154173400381,03/10/17
80001249,MKF/PO-00170456,SO171424,2017/SGSI000002709,990-005505-001,AT-2911SX/LC-001,A054154173400386,03/10/17
80001445,PO170158,SO171489,2017/SGSI000002714,990-005794-10,"AT-GS970M/28PS-10, 24P,",A10024G173200648,04/10/17
80001445,PO170158,SO171489,2017/SGSI000002714,990-005794-10,"AT-GS970M/28PS-10, 24P,",A10024G173200679,04/10/17
80001445,PO170158,SO171489,2017/SGSI000002714,990-005794-10,"AT-GS970M/28PS-10, 24P,",A10024G173200716,04/10/17
80001445,PO170158,SO171489,2017/SGSI000002714,990-005794-10,"AT-GS970M/28PS-10, 24P,",A10024G173200897,04/10/17
80001445,PO170144,SO171356,2017/SGSI000002713,990-005793-10,AT-GS970M/28-10,A10023G173800003,04/10/17
80001445,PO170144,SO171356,2017/SGSI000002713,990-005793-10,AT-GS970M/28-10,A10023G173800005,04/10/17
80001445,PO170144,SO171356,2017/SGSI000002713,990-005793-10,AT-GS970M/28-10,A10023G173800015,04/10/17
80001445,PO170144,SO171356,2017/SGSI000002713,990-005793-10,AT-GS970M/28-10,A10023G173800028,04/10/17
80001445,PO170158,SO171489,2017/SGSI000002714,990-005794-10,"AT-GS970M/28PS-10, 24P,",A10024G173200002,04/10/17
80001445,PO170158,SO171489,2017/SGSI000002714,990-005794-10,"AT-GS970M/28PS-10, 24P,",A10024G173200383,04/10/17
80001445,PO170158,SO171489,2017/SGSI000002714,990-005794-10,"AT-GS970M/28PS-10, 24P,",A10024G173200547,04/10/17
80001444,17715,SO171486,2017/SGSI000002719,990-005039-40,AT-x230-18GT-N1-40 & 1y,A05304G170300005,04/10/17
80001444,17715,SO171486,2017/SGSI000002719,990-005039-40,AT-x230-18GT-N1-40 & 1y,A05304G170300006,04/10/17
80001444,17715,SO171486,2017/SGSI000002719,990-005039-40,AT-x230-18GT-N1-40 & 1y,A05304G170300007,04/10/17
80001533,4503209407,SO171264,2017/SGSI000002716,990-005798-40,AT-GS970M/10-40,A100274173800043,04/10/17
80001533,4503209407,SO171264,2017/SGSI000002716,990-005798-40,AT-GS970M/10-40,A100274173800044,04/10/17
80001533,4503209407,SO171264,2017/SGSI000002716,990-005798-40,AT-GS970M/10-40,A100274173800045,04/10/17
80001533,4503264506,SO171481,2017/SGSI000002718,990-005004-901,AT-2911SX/SC-901,A052924173400239,04/10/17
80001533,4503264506,SO171481,2017/SGSI000002718,990-005004-901,AT-2911SX/SC-901,A052924173400243,04/10/17
80001533,4503264506,SO171481,2017/SGSI000002718,990-005004-901,AT-2911SX/SC-901,A052924173400372,04/10/17
80001249,MKF/PO-00170456,SO171424,2017/SGSI000002709,990-005505-001,AT-2911SX/LC-001,A054154173400294,03/10/17
80001249,MKF/PO-00170456,SO171424,2017/SGSI000002709,990-005505-001,AT-2911SX/LC-001,A054154173400295,03/10/17
80001249,MKF/PO-00170456,SO171424,2017/SGSI000002709,990-005505-001,AT-2911SX/LC-001,A054154173400296,03/10/17
80001249,MKF/PO-00170456,SO171424,2017/SGSI000002709,990-005505-001,AT-2911SX/LC-001,A054154173400300,03/10/17
80001249,MKF/PO-00170456,SO171424,2017/SGSI000002709,990-005505-001,AT-2911SX/LC-001,A054154173400351,03/10/17
80001249,MKF/PO-00170456,SO171424,2017/SGSI000002709,990-005505-001,AT-2911SX/LC-001,A054154173400371,03/10/17
80001249,MKF/PO-00170456,SO171424,2017/SGSI000002709,990-005505-001,AT-2911SX/LC-001,A054154173400372,03/10/17
80001249,MKF/PO-00170456,SO171424,2017/SGSI000002709,990-005505-001,AT-2911SX/LC-001,A054154173400375,03/10/17
80001249,MKF/PO-00170456,SO171424,2017/SGSI000002709,990-005505-001,AT-2911SX/LC-001,A054154173400381,03/10/17
80001249,MKF/PO-00170456,SO171424,2017/SGSI000002709,990-005505-001,AT-2911SX/LC-001,A054154173400386,03/10/17
80001291,PO1708206,SO171431,2017/SGSI000002694,990-004818-60,AT-MMC200/SC-60,A05186G172300044,29/09/17
80001291,PO1708206,SO171431,2017/SGSI000002694,990-004818-60,AT-MMC200/SC-60,A05186G172300045,29/09/17
80001291,PO1708206,SO171431,2017/SGSI000002694,990-004818-60,AT-MMC200/SC-60,A05186G172300049,29/09/17
80001291,PO1708206,SO171431,2017/SGSI000002694,990-004818-60,AT-MMC200/SC-60,A05186G172300050,29/09/17
80001291,PO1708580,SO171471,2017/SGSI000002702,990-005116-60,AT-PC2000/LC-60,A10047G173100006,29/09/17
80001291,PO1708580,SO171471,2017/SGSI000002702,990-005116-60,AT-PC2000/LC-60,A10047G173100020,29/09/17
80001291,PO1708580,SO171471,2017/SGSI000002702,990-004818-60,AT-MMC200/SC-60,A05186G163100017,29/09/17
80001291,PO1708580,SO171471,2017/SGSI000002702,990-004818-60,AT-MMC200/SC-60,A05186G163100022,29/09/17
80001291,PO1708580,SO171471,2017/SGSI000002702,990-004818-60,AT-MMC200/SC-60,A05186G163100027,29/09/17
80001291,PO1708580,SO171471,2017/SGSI000002702,990-004818-60,AT-MMC200/SC-60,A05186G163100029,29/09/17
80001239,AU170925-02,SO171458,2017/SGSI000002699,990-005105-41,AT-x550-18XTQ-40,A10011A172600024,29/09/17
80001391,170919.01-FS-ATI,SO171432,2017/SGSI000002676,990-004818-60,AT-MMC200/SC-60,A05186G163100014,28/09/17
80001391,170919.01-FS-ATI,SO171432,2017/SGSI000002676,990-004818-60,AT-MMC200/SC-60,A05186G163100016,28/09/17
80001391,170919.01-FS-ATI,SO171432,2017/SGSI000002676,990-004818-60,AT-MMC200/SC-60,A05186G163100018,28/09/17
80001391,170919.01-FS-ATI,SO171432,2017/SGSI000002676,990-004818-60,AT-MMC200/SC-60,A05186G163100019,28/09/17
80001391,170919.01-FS-ATI,SO171432,2017/SGSI000002676,990-004818-60,AT-MMC200/SC-60,A05186G163100020,28/09/17
80001391,170919.01-FS-ATI,SO171432,2017/SGSI000002676,990-004818-60,AT-MMC200/SC-60,A05186G163100021,28/09/17
80001391,170919.01-FS-ATI,SO171432,2017/SGSI000002676,990-004818-60,AT-MMC200/SC-60,A05186G163100023,28/09/17
80001391,170919.01-FS-ATI,SO171432,2017/SGSI000002676,990-004818-60,AT-MMC200/SC-60,A05186G163100024,28/09/17
80001391,170919.01-FS-ATI,SO171432,2017/SGSI000002676,990-004818-60,AT-MMC200/SC-60,A05186G163100025,28/09/17
80001391,170919.01-FS-ATI,SO171432,2017/SGSI000002676,990-004818-60,AT-MMC200/SC-60,A05186G163100028,28/09/17
80001503,FIPO/1709/G066,SO171451,2017/SGSI000002665,990-005794-30,"AT-GS970M/28PS-30, 24P,",A10024G173200579,28/09/17
80001249,MKF/PO-00170331,SO171352,2017/SGSI000002684,990-005828-00,AT-MWS1750AP-00,A10030R173300175,28/09/17
80001549,PO0381,SO171417,2017/SGSI000002688,990-005798-30,AT-GS970M/10-30,A100274173700009,28/09/17
80001549,PO0381,SO171417,2017/SGSI000002688,990-005798-30,AT-GS970M/10-30,A100274173700010,28/09/17
80001291,PO1708206,SO171431,2017/SGSI000002694,990-004818-60,AT-MMC200/SC-60,A05186G172300044,29/09/17
80001291,PO1708206,SO171431,2017/SGSI000002694,990-004818-60,AT-MMC200/SC-60,A05186G172300045,29/09/17
80001291,PO1708206,SO171431,2017/SGSI000002694,990-004818-60,AT-MMC200/SC-60,A05186G172300049,29/09/17
80001291,PO1708206,SO171431,2017/SGSI000002694,990-004818-60,AT-MMC200/SC-60,A05186G172300050,29/09/17
80001291,PO1708580,SO171471,2017/SGSI000002702,990-005116-60,AT-PC2000/LC-60,A10047G173100006,29/09/17
80001291,PO1708580,SO171471,2017/SGSI000002702,990-005116-60,AT-PC2000/LC-60,A10047G173100020,29/09/17
80001291,PO1708580,SO171471,2017/SGSI000002702,990-004818-60,AT-MMC200/SC-60,A05186G163100017,29/09/17
80001291,PO1708580,SO171471,2017/SGSI000002702,990-004818-60,AT-MMC200/SC-60,A05186G163100022,29/09/17
80001291,PO1708580,SO171471,2017/SGSI000002702,990-004818-60,AT-MMC200/SC-60,A05186G163100027,29/09/17
80001291,PO1708580,SO171471,2017/SGSI000002702,990-004818-60,AT-MMC200/SC-60,A05186G163100029,29/09/17
80001239,AU170925-02,SO171458,2017/SGSI000002699,990-005105-41,AT-x550-18XTQ-40,A10011A172600024,29/09/17
80001196,001POI/00000042,SO171409,2017/SGSI000002634,990-005046-10,AT-FS980M/9-10,A05333R170800037,27/09/17
80000343,SPORD-001-0007126,SO171453,2017/SGSI000002636,990-004818-60,AT-MMC200/SC-60,A05186G163100072,27/09/17
80000343,SPORD-001-0007126,SO171453,2017/SGSI000002636,990-004818-60,AT-MMC200/SC-60,A05186G163100073,27/09/17
80000343,SPORD-001-0007126,SO171453,2017/SGSI000002636,990-004818-60,AT-MMC200/SC-60,A05186G163100078,27/09/17
80000343,SPORD-001-0007126,SO171453,2017/SGSI000002636,990-004818-60,AT-MMC200/SC-60,A05186G163100081,27/09/17
80000343,SPORD-001-0007126,SO171453,2017/SGSI000002636,990-004818-60,AT-MMC200/SC-60,A05186G163100082,27/09/17
80000343,SPORD-001-0007126,SO171453,2017/SGSI000002636,990-004818-60,AT-MMC200/SC-60,A05186G163100086,27/09/17
80000343,SPORD-001-0007126,SO171453,2017/SGSI000002636,990-005105-51,AT-x550-18XTQ-50,A10011A172600017,27/09/17
80000343,SPORD-001-0007126,SO171453,2017/SGSI000002636,990-005105-51,AT-x550-18XTQ-50,A10011A172600028,27/09/17
80001558,PT-ATI-PO/10817,SO171380,2017/SGSI000002592,990-005260-60,AT-MMCR18-60,A10007G172900001,22/09/17
80001558,PT-ATI-PO/10817,SO171380,2017/SGSI000002592,990-005260-60,AT-MMCR18-60,A10007G172900012,22/09/17
80001558,PT-ATI-PO/10817,SO171380,2017/SGSI000002592,990-005261-60,AT-MMCR-PWR-AC-60,A05344G172400027,22/09/17
80001558,PT-ATI-PO/10817,SO171380,2017/SGSI000002592,990-005261-60,AT-MMCR-PWR-AC-60,A05344G172400030,22/09/17
